"capacity",
39,
33,
11,
62,
19,
19,
31,
30,
24,
19,
39,
29,
33,
24,
23,
35,
47,
45,
47,
51,
30,
45,
28,
23,
39,
33,
55,
23,
23,
39,
39,
31,
31,
23,
23,
31,
31,
23,
20,
23,
27,
27,
24,
55,
31,
39,
23,
39,
4,
27,
24,
27,
35,
24,
57,
27,
23,
31,
19,
25,
19,
36,
31,
57,
27,
51,
19,
20,
55,
24,
35,
27,
35,
37,
23,
31,
33,
33,
17,
31,
27,
41,
36,
31,
31,
23,
39,
29,
43,
27,
33,
27,
27,
31,
39,
51,
35,
27,
39,
23,
39,
27,
24,
31,
27,
36,
37,
24,
27,
19,
29,
23,
23,
35,
27,
35,
23,
28,
39,
27,
23,
43,
23,
27,
36,
53,
39,
43,
57,
49,
27,
31,
33,
39,
35,
27,
19,
43,
45,
42,
39,
36,
39,
0,
43,
39,
35,
27,
31,
31,
35,
31,
32,
25,
27,
31,
27,
15,
42,
39,
31,
40,
34,
37,
23,
19,
35,
23,
29,
24,
42,
31,
23,
23,
23,
23,
19,
55,
27,
29,
47,
31,
39,
47,
27,
24,
41,
39,
32,
35,
51,
23,
52,
39,
23,
31,
5,
59,
39,
35,
39,
35,
39,
31,
49,
23,
39,
47,
39,
35,
34,
49,
57,
13,
31,
41,
38,
47,
47,
59,
31,
31,
27,
25,
39,
35,
39,
39,
36,
59,
53,
61,
35,
25,
47,
59,
30,
36,
52,
43,
30,
29,
45,
36,
45,
24,
36,
27,
52,
35,
31,
59,
39,
61,
8,
23,
51,
57,
39,
0,
0,
39,
41,
24,
39,
43,
46,
31,
29,
39,
31,
30,
27,
38,
30,
15,
27,
39,
12,
49,
24,
35,
39,
36,
43,
33,
28,
25,
47,
24,
19,
19,
27,
19,
21,
19,
18,
21,
23,
23,
19,
23,
23,
18,
24,
19,
19,
21,
23,
20,
23,
27,
19,
27,
24,
25,
23,
19,
24,
27,
31,
33,
24,
33,
27,
21,
23,
25,
30,
25,
25,
30,
19,
31,
31,
27,
28,
18,
23,
39,
39,
27,
27,
27,
24,
19,
39,
24,
31,
27,
33,
27,
34,
45,
27,
30,
45,
20,
27,
31,
27,
27,
23,
34,
35,
23,
31,
31,
31,
35,
51,
41,
47,
31,
43,
55,
59,
41,
47,
46,
45,
47,
38,
31,
47,
11,
41,
39,
37,
27,
31,
31,
39,
59,
39,
43,
67,
51,
41,
55,
31,
39,
35,
39,
27,
39,
6,
43,
63,
39,
23,
31,
42,
30,
13,
22,
42,
22,
18,
22,
18,
22,
38,
18,
18,
14,
18,
18,
26,
22,
25,
26,
22,
18,
22,
22,
22,
22,
18,
27,
53,
14,
45,
3,
31,
39,
31,
33,
19,
39,
29,
31,
19,
29,
19,
22,
37,
31,
59,
14,
14,
14,
14,
14,
18,
14,
26,
14,
14,
18,
14,
14,
38,
47,
38,
43,
0,
20,
32,
3,
43,
24,
38,
59,
42,
21,
23,
25,
25,
39,
22,
25,
27,
39,
23,
31,
27,
30,
24,
21,
39,
29,
32,
23,
47,
24,
39,
21,
49,
25,
25,
59,
25,
21,
27,
39,
27,
19,
39,
19,
21,
28,
41,
23,
31,
23,
21,
41,
23,
23,
19,
35,
29,
21,
19,
30,
39,
25,
21,
31,
3,
21,
35,
25,
35,
25,
23,
34,
33,
27,
27,
31,
39,
30,
29,
25,
27,
39,
27,
36,
35,
39,
25,
28,
35,
21,
31,
25,
25,
27,
25,
25,
28,
24,
25,
19,
19,
21,
25,
25,
23,
24,
24,
19,
23,
31,
27,
23,
23,
27,
35,
31,
27,
18,
22,
33,
25,
27,
33,
27,
21,
23,
21,
29,
27,
33,
40,
39,
19,
23,
0,
45,
39,
31,
43,
7,
4,
18,
43,
4,
24,
22,
46,
3,
34,
33,
39,
37,
34,
42,
23,
39,
36,
3,
33,
43,
45,
22,
14,
30,
31,
31,
24,
27,
31,
25,
26,
25,
23,
21,
25,
31,
29,
29,
30,
27,
33,
29,
36,
31,
31,
31,
22,
19,
21,
23,
19,
31,
35,
34,
0,
27,
36,
19,
25,
23,
7,
27,
27,
21,
25,
19,
27,
27,
34,
39,
27,
43,
29,
45,
43,
35,
39,
29,
35,
27,
33,
21,
41,
25,
23,
39,
37,
27,
27,
19,
19,
27,
19,
19,
11,
27,
21,
19,
19,
25,
19,
21,
29,
31,
24,
33,
25,
23,
19,
27,
23,
21,
25,
30,
27,
28,
31,
42,
24,
19,
27,
21,
19,
19,
21,
19,
35,
18,
19,
25,
19,
27,
19,
23,
21,
17,
21,
21,
19,
21,
27,
3,
15,
27,
23,
21,
25,
25,
25,
19,
3,
19,
15,
39,
22,
31,
33,
0,
27,
33,
41,
31,
18,
30,
18,
54,
26,
23,
25,
30,
19,
35,
31,
27,
25,
39,
19,
21,
25,
30,
35,
26,
19,
13,
21,
27,
31,
24,
18,
18,
14,
38,
18,
43,
39,
23,
